{
  "total_distance": 706.6128780638737,
  "n_routes": 4,
  "feasible": true,
  "routes": [
    [
      0,
      4,
      15,
      1,
      0
    ],
    [
      0,
      13,
      11,
      5,
      0
    ],
    [
      0,
      7,
      2,
      6,
      14,
      0
    ],
    [
      0,
      9,
      8,
      3,
      12,
      10,
      0
    ]
  ],
  "route_distances": [
    202.28594444656733,
    152.8504105154129,
    187.23710205791608,
    164.23942104397736
  ],
  "route_durations": [
    6.557148611164184,
    5.321260262885323,
    6.680927551447903,
    6.605985526099435
  ]
}