{
  "total_distance": 773.1289330196563,
  "n_routes": 4,
  "feasible": true,
  "routes": [
    [
      0,
      1,
      9,
      14,
      0
    ],
    [
      0,
      7,
      2,
      15,
      0
    ],
    [
      0,
      3,
      11,
      13,
      4,
      6,
      0
    ],
    [
      0,
      5,
      10,
      8,
      12,
      0
    ]
  ],
  "route_distances": [
    210.52291280764348,
    202.43641868745868,
    167.52605534104075,
    192.64354618351342
  ],
  "route_durations": [
    6.763072820191088,
    6.560910467186467,
    6.6881513835260185,
    6.816088654587837
  ]
}