{
  "total_distance": 704.0505781962507,
  "n_routes": 4,
  "feasible": true,
  "routes": [
    [
      0,
      15,
      3,
      9,
      5,
      6,
      0
    ],
    [
      0,
      8,
      7,
      4,
      14,
      10,
      0
    ],
    [
      0,
      13,
      11,
      12,
      0
    ],
    [
      0,
      2,
      1,
      0
    ]
  ],
  "route_distances": [
    176.7111999447337,
    173.40046585171,
    205.80678405190906,
    148.13212834789798
  ],
  "route_durations": [
    6.917779998618343,
    6.835011646292751,
    6.645169601297726,
    4.7033032086974496
  ]
}