{
  "total_distance": 786.2434861418423,
  "n_routes": 4,
  "feasible": true,
  "routes": [
    [
      0,
      14,
      10,
      6,
      1,
      11,
      0
    ],
    [
      0,
      5,
      2,
      0
    ],
    [
      0,
      8,
      7,
      4,
      12,
      13,
      0
    ],
    [
      0,
      3,
      9,
      15,
      0
    ]
  ],
  "route_distances": [
    173.21363390472857,
    220.05453910967435,
    176.17356144668872,
    216.80175168075064
  ],
  "route_durations": [
    6.830340847618215,
    6.50136347774186,
    6.904339036167218,
    6.920043792018766
  ]
}