{
  "total_distance": 775.1159836394372,
  "n_routes": 4,
  "feasible": true,
  "routes": [
    [
      0,
      9,
      5,
      6,
      10,
      0
    ],
    [
      0,
      4,
      1,
      2,
      8,
      3,
      0
    ],
    [
      0,
      7,
      11,
      14,
      0
    ],
    [
      0,
      12,
      13,
      15,
      0
    ]
  ],
  "route_distances": [
    182.17518623362596,
    164.72267164896536,
    215.9299838556381,
    212.2881419012078
  ],
  "route_durations": [
    6.554379655840649,
    6.618066791224135,
    6.8982495963909525,
    6.807203547530195
  ]
}