{
  "total_distance": 761.5985284001555,
  "n_routes": 4,
  "feasible": true,
  "routes": [
    [
      0,
      4,
      3,
      11,
      9,
      1,
      0
    ],
    [
      0,
      12,
      10,
      2,
      0
    ],
    [
      0,
      7,
      14,
      5,
      8,
      0
    ],
    [
      0,
      15,
      13,
      6,
      0
    ]
  ],
  "route_distances": [
    162.29167840398722,
    204.06825958858323,
    180.08422821196146,
    215.15436219562355
  ],
  "route_durations": [
    6.55729196009968,
    6.60170648971458,
    6.502105705299036,
    6.8788590548905875
  ]
}