{
  "total_distance": 911.5024236321411,
  "n_routes": 5,
  "feasible": true,
  "routes": [
    [
      0,
      1,
      4,
      9,
      0
    ],
    [
      0,
      3,
      0
    ],
    [
      0,
      6,
      14,
      7,
      5,
      0
    ],
    [
      0,
      12,
      2,
      10,
      8,
      0
    ],
    [
      0,
      13,
      15,
      11,
      0
    ]
  ],
  "route_distances": [
    214.3670075711805,
    121.0012550929836,
    181.63593500677337,
    181.51137997390936,
    212.98684598729437
  ],
  "route_durations": [
    6.8591751892795125,
    3.5250313773245896,
    6.540898375169334,
    6.537784499347733,
    6.824671149682359
  ]
}