{
  "total_distance": 770.3750546460401,
  "n_routes": 4,
  "feasible": true,
  "routes": [
    [
      0,
      15,
      7,
      2,
      10,
      0
    ],
    [
      0,
      4,
      1,
      8,
      0
    ],
    [
      0,
      5,
      11,
      13,
      0
    ],
    [
      0,
      9,
      12,
      6,
      14,
      3,
      0
    ]
  ],
  "route_distances": [
    199.29450906531895,
    209.0082912553707,
    215.03610724038037,
    147.03614708496997
  ],
  "route_durations": [
    6.9823627266329735,
    6.725207281384267,
    6.875902681009509,
    6.17590367712425
  ]
}