{
  "total_distance": 733.1393603614335,
  "n_routes": 4,
  "feasible": true,
  "routes": [
    [
      0,
      2,
      15,
      13,
      0
    ],
    [
      0,
      4,
      12,
      6,
      5,
      0
    ],
    [
      0,
      8,
      10,
      7,
      0
    ],
    [
      0,
      9,
      3,
      14,
      11,
      1,
      0
    ]
  ],
  "route_distances": [
    149.24853031284653,
    196.61860964197228,
    215.8035745399156,
    171.46864586669912
  ],
  "route_durations": [
    5.231213257821164,
    6.915465241049308,
    6.89508936349789,
    6.7867161466674775
  ]
}