{
  "total_distance": 735.3045353083692,
  "n_routes": 4,
  "feasible": true,
  "routes": [
    [
      0,
      1,
      3,
      6,
      5,
      0
    ],
    [
      0,
      2,
      4,
      15,
      0
    ],
    [
      0,
      10,
      8,
      12,
      9,
      0
    ],
    [
      0,
      13,
      11,
      14,
      7,
      0
    ]
  ],
  "route_distances": [
    179.1424669969079,
    219.82000538502018,
    155.35780346550283,
    180.98425946093823
  ],
  "route_durations": [
    6.478561674922697,
    6.995500134625505,
    5.883945086637571,
    6.524606486523456
  ]
}