{
  "total_distance": 820.5660212998979,
  "n_routes": 5,
  "feasible": true,
  "routes": [
    [
      0,
      21,
      15,
      0
    ],
    [
      0,
      9,
      7,
      2,
      5,
      14,
      0
    ],
    [
      0,
      25,
      4,
      3,
      10,
      18,
      1,
      17,
      0
    ],
    [
      0,
      16,
      20,
      8,
      13,
      22,
      0
    ],
    [
      0,
      24,
      6,
      12,
      11,
      19,
      23,
      0
    ]
  ],
  "route_distances": [
    115.75117097767051,
    189.80286079101046,
    135.77438072119728,
    199.7800965079964,
    179.45751230202325
  ],
  "route_durations": [
    3.893779274441763,
    7.24507151977526,
    6.8943595180299315,
    7.4945024126999105,
    7.4864378075505815
  ]
}