{
  "total_distance": 755.6741644737149,
  "n_routes": 5,
  "feasible": true,
  "routes": [
    [
      0,
      3,
      19,
      7,
      8,
      25,
      0
    ],
    [
      0,
      24,
      1,
      17,
      14,
      18,
      0
    ],
    [
      0,
      10,
      16,
      5,
      0
    ],
    [
      0,
      11,
      4,
      2,
      9,
      13,
      20,
      22,
      12,
      0
    ],
    [
      0,
      21,
      6,
      15,
      23,
      0
    ]
  ],
  "route_distances": [
    112.49953706918991,
    194.7590405237225,
    103.44193064747131,
    130.4967649477758,
    214.4768912855554
  ],
  "route_durations": [
    5.3124884267297485,
    7.368976013093063,
    4.086048266186783,
    7.262419123694395,
    7.3619222821388846
  ]
}