{
  "total_distance": 737.7654192443374,
  "n_routes": 5,
  "feasible": true,
  "routes": [
    [
      0,
      12,
      20,
      0
    ],
    [
      0,
      5,
      16,
      8,
      19,
      0
    ],
    [
      0,
      3,
      23,
      4,
      25,
      11,
      15,
      0
    ],
    [
      0,
      21,
      1,
      7,
      6,
      17,
      18,
      24,
      0
    ],
    [
      0,
      10,
      22,
      13,
      9,
      2,
      14,
      0
    ]
  ],
  "route_distances": [
    91.88176837652233,
    218.34677097609082,
    175.81545032543193,
    137.76914020975377,
    113.95228935653856
  ],
  "route_durations": [
    3.297044209413058,
    7.45866927440227,
    7.395386258135797,
    6.944228505243844,
    5.848807233913464
  ]
}