{
  "total_distance": 854.5573153846949,
  "n_routes": 5,
  "feasible": true,
  "routes": [
    [
      0,
      3,
      19,
      2,
      13,
      0
    ],
    [
      0,
      25,
      4,
      11,
      15,
      21,
      0
    ],
    [
      0,
      5,
      18,
      10,
      17,
      6,
      16,
      0
    ],
    [
      0,
      24,
      8,
      9,
      14,
      20,
      0
    ],
    [
      0,
      7,
      1,
      12,
      22,
      23,
      0
    ]
  ],
  "route_distances": [
    112.35391108985013,
    199.554968206262,
    178.9417132704852,
    182.1731458391817,
    181.53357697891596
  ],
  "route_durations": [
    4.808847777246253,
    7.48887420515655,
    7.4735428317621295,
    7.054328645979544,
    7.038339424472898
  ]
}