{
  "total_distance": 917.1901632432654,
  "n_routes": 5,
  "feasible": true,
  "routes": [
    [
      0,
      3,
      13,
      19,
      17,
      0
    ],
    [
      0,
      7,
      6,
      18,
      10,
      0
    ],
    [
      0,
      20,
      8,
      4,
      14,
      25,
      0
    ],
    [
      0,
      15,
      1,
      24,
      22,
      12,
      0
    ],
    [
      0,
      5,
      11,
      9,
      23,
      2,
      21,
      16,
      0
    ]
  ],
  "route_distances": [
    215.5288379206757,
    205.72224933628394,
    197.21718395375785,
    141.31398364543224,
    157.40790838711564
  ],
  "route_durations": [
    7.388220948016892,
    7.143056233407099,
    7.430429598843947,
    6.032849591135806,
    7.435197709677891
  ]
}