{
  "total_distance": 776.1951038186411,
  "n_routes": 5,
  "feasible": true,
  "routes": [
    [
      0,
      19,
      25,
      2,
      12,
      17,
      0
    ],
    [
      0,
      5,
      24,
      14,
      9,
      0
    ],
    [
      0,
      6,
      22,
      16,
      8,
      15,
      1,
      0
    ],
    [
      0,
      7,
      20,
      11,
      21,
      3,
      0
    ],
    [
      0,
      10,
      13,
      18,
      23,
      4,
      0
    ]
  ],
  "route_distances": [
    196.1248927455996,
    97.8186436103712,
    173.00600986075807,
    115.20782531250688,
    194.03773228940543
  ],
  "route_durations": [
    7.403122318639991,
    4.44546609025928,
    7.32515024651895,
    5.380195632812672,
    7.350943307235136
  ]
}