{
  "total_distance": 811.3465416985113,
  "n_routes": 5,
  "feasible": true,
  "routes": [
    [
      0,
      9,
      4,
      11,
      6,
      20,
      0
    ],
    [
      0,
      13,
      7,
      23,
      18,
      0
    ],
    [
      0,
      17,
      10,
      15,
      3,
      8,
      19,
      0
    ],
    [
      0,
      1,
      14,
      22,
      21,
      25,
      0
    ],
    [
      0,
      24,
      2,
      16,
      5,
      12,
      0
    ]
  ],
  "route_distances": [
    101.06428393353403,
    209.19288041092094,
    113.8487925254503,
    192.40482018896117,
    194.8357646396448
  ],
  "route_durations": [
    5.026607098338351,
    7.229822010273023,
    5.846219813136257,
    7.310120504724029,
    7.37089411599112
  ]
}