{
  "total_distance": 824.4833886006527,
  "n_routes": 5,
  "feasible": true,
  "routes": [
    [
      0,
      2,
      10,
      20,
      14,
      0
    ],
    [
      0,
      7,
      12,
      19,
      5,
      11,
      0
    ],
    [
      0,
      15,
      1,
      3,
      17,
      16,
      9,
      22,
      0
    ],
    [
      0,
      18,
      24,
      6,
      0
    ],
    [
      0,
      25,
      23,
      13,
      21,
      4,
      8,
      0
    ]
  ],
  "route_distances": [
    206.24068165588014,
    195.10565021279191,
    139.34760208088417,
    105.56866981757686,
    178.22078483351962
  ],
  "route_durations": [
    7.1560170413970035,
    7.377641255319798,
    6.983690052022105,
    4.1392167454394215,
    7.45551962083799
  ]
}