{
  "total_distance": 815.6971633389367,
  "n_routes": 5,
  "feasible": true,
  "routes": [
    [
      0,
      15,
      2,
      0
    ],
    [
      0,
      21,
      11,
      3,
      14,
      7,
      24,
      0
    ],
    [
      0,
      16,
      10,
      13,
      19,
      17,
      0
    ],
    [
      0,
      4,
      12,
      25,
      8,
      0
    ],
    [
      0,
      18,
      22,
      5,
      23,
      1,
      6,
      20,
      9,
      0
    ]
  ],
  "route_distances": [
    95.21747353129945,
    170.1895539792908,
    199.78955441164487,
    212.21321797948985,
    138.2873634372118
  ],
  "route_durations": [
    3.380436838282486,
    7.254738849482268,
    7.494738860291122,
    7.305330449487247,
    7.457184085930295
  ]
}