{
  "total_distance": 938.8910620126626,
  "n_routes": 5,
  "feasible": true,
  "routes": [
    [
      0,
      11,
      23,
      24,
      21,
      0
    ],
    [
      0,
      1,
      18,
      17,
      16,
      0
    ],
    [
      0,
      9,
      12,
      15,
      10,
      0
    ],
    [
      0,
      19,
      6,
      8,
      4,
      14,
      20,
      25,
      0
    ],
    [
      0,
      7,
      22,
      2,
      3,
      13,
      5,
      0
    ]
  ],
  "route_distances": [
    211.47091889508152,
    202.67925357927055,
    213.1866421856936,
    154.26307085959084,
    157.2911764930261
  ],
  "route_durations": [
    7.2867729723770385,
    7.066981339481764,
    7.32966605464234,
    7.356576771489772,
    6.932279412325652
  ]
}