{
  "total_distance": 2293.317407908676,
  "n_routes": 11,
  "feasible": false,
  "routes": [
    [
      0,
      8,
      23,
      30,
      2,
      24,
      38,
      35,
      0
    ],
    [
      0,
      46,
      25,
      49,
      3,
      9,
      32,
      28,
      0
    ],
    [
      0,
      20,
      43,
      40,
      48,
      45,
      37,
      0
    ],
    [
      0,
      10,
      31,
      17,
      13,
      18,
      0
    ],
    [
      0,
      11,
      16,
      22,
      26,
      0
    ],
    [
      0,
      7,
      42,
      5,
      34,
      0
    ],
    [
      0,
      41,
      27,
      21,
      0
    ],
    [
      0,
      1,
      15,
      0
    ],
    [
      0,
      36,
      50,
      44,
      0
    ],
    [
      0,
      4,
      29,
      0
    ],
    [
      0,
      47,
      33,
      0
    ]
  ],
  "route_distances": [
    137.78138764615792,
    159.35880132390275,
    172.50818880176027,
    192.07697321142228,
    213.36183318556164,
    212.58045055072162,
    230.26394947409239,
    245.03023463964627,
    239.7576284478214,
    241.97493312827186,
    248.62302749931746
  ],
  "route_durations": [
    6.944534691153948,
    7.4839700330975685,
    7.312704720044007,
    7.301924330285557,
    7.33404582963904,
    7.314511263768041,
    7.256598736852309,
    7.125755865991156,
    7.493940711195535,
    7.049373328206796,
    7.215575687482937
  ]
}