{
  "total_distance": 2410.437093834695,
  "n_routes": 12,
  "feasible": false,
  "routes": [
    [
      0,
      3,
      8,
      23,
      24,
      25,
      14,
      0
    ],
    [
      0,
      29,
      27,
      7,
      0
    ],
    [
      0,
      5,
      39,
      15,
      19,
      42,
      0
    ],
    [
      0,
      17,
      2,
      38,
      9,
      6,
      30,
      47,
      33,
      0
    ],
    [
      0,
      4,
      20,
      22,
      36,
      16,
      0
    ],
    [
      0,
      1,
      34,
      41,
      35,
      26,
      0
    ],
    [
      0,
      49,
      31,
      12,
      0
    ],
    [
      0,
      46,
      21,
      28,
      0
    ],
    [
      0,
      32,
      13,
      37,
      0
    ],
    [
      0,
      48,
      50,
      0
    ],
    [
      0,
      11,
      43,
      0
    ],
    [
      0,
      10,
      45,
      0
    ]
  ],
  "route_distances": [
    136.2881805860731,
    135.44191605922578,
    183.16246018230783,
    138.5859700225967,
    193.26288293106342,
    198.86262560884296,
    222.3890484012362,
    229.55438439849786,
    232.37922568226264,
    245.2608804687888,
    249.41532680954185,
    245.83419268425754
  ],
  "route_durations": [
    6.407204514651827,
    4.886047901480644,
    7.0790615045576955,
    7.464649250564918,
    7.331572073276586,
    7.471565640221074,
    7.059726210030905,
    7.2388596099624465,
    7.309480642056566,
    7.131522011719719,
    7.235383170238546,
    7.145854817106438
  ]
}