{
  "total_distance": 2502.229295461606,
  "n_routes": 12,
  "feasible": false,
  "routes": [
    [
      0,
      5,
      31,
      47,
      40,
      6,
      0
    ],
    [
      0,
      50,
      29,
      34,
      14,
      18,
      0
    ],
    [
      0,
      45,
      33,
      16,
      23,
      21,
      0
    ],
    [
      0,
      22,
      3,
      39,
      26,
      38,
      0
    ],
    [
      0,
      42,
      37,
      32,
      35,
      46,
      0
    ],
    [
      0,
      25,
      7,
      11,
      2,
      0
    ],
    [
      0,
      44,
      49,
      19,
      12,
      0
    ],
    [
      0,
      27,
      10,
      15,
      0
    ],
    [
      0,
      9,
      4,
      0
    ],
    [
      0,
      8,
      30,
      0
    ],
    [
      0,
      13,
      1,
      24,
      0
    ],
    [
      0,
      36,
      28,
      0
    ]
  ],
  "route_distances": [
    132.27204114804186,
    141.26579809087082,
    195.81999353857836,
    192.7319911045343,
    199.95989119179723,
    216.5042827192915,
    219.17790346808974,
    235.39270191308265,
    245.6988636180223,
    241.9819764813598,
    239.08282447539807,
    242.34102771253947
  ],
  "route_durations": [
    5.806801028701046,
    6.03164495227177,
    7.395499838464459,
    7.318299777613357,
    7.498997279794931,
    7.412607067982288,
    7.479447586702243,
    7.384817547827066,
    7.142471590450558,
    7.049549412033995,
    7.477070611884952,
    7.058525692813487
  ]
}