{
  "total_distance": 2333.8518743680506,
  "n_routes": 12,
  "feasible": false,
  "routes": [
    [
      0,
      21,
      41,
      0
    ],
    [
      0,
      47,
      49,
      38,
      27,
      45,
      0
    ],
    [
      0,
      18,
      25,
      42,
      22,
      44,
      15,
      0
    ],
    [
      0,
      31,
      30,
      50,
      36,
      43,
      0
    ],
    [
      0,
      26,
      7,
      40,
      28,
      16,
      9,
      0
    ],
    [
      0,
      37,
      17,
      35,
      3,
      11,
      0
    ],
    [
      0,
      1,
      2,
      0
    ],
    [
      0,
      12,
      33,
      14,
      32,
      0
    ],
    [
      0,
      39,
      4,
      10,
      0
    ],
    [
      0,
      48,
      5,
      29,
      46,
      34,
      0
    ],
    [
      0,
      24,
      20,
      0
    ],
    [
      0,
      23,
      8,
      0
    ]
  ],
  "route_distances": [
    84.71159553113195,
    197.9055503123489,
    172.93144660754103,
    153.47695702814337,
    164.34802373461127,
    193.99604850135808,
    246.16512377181914,
    214.51352383284404,
    231.55497147984866,
    184.6773226255293,
    245.78807764574103,
    243.78323329713376
  ],
  "route_durations": [
    3.1177898882782986,
    7.447638757808722,
    7.323286165188526,
    6.3369239257035845,
    7.108700593365281,
    7.349901212533951,
    7.154128094295478,
    7.3628380958211,
    7.288874286996217,
    7.116933065638233,
    7.144701941143526,
    7.094580832428344
  ]
}