{
  "total_distance": 2239.889484628254,
  "n_routes": 11,
  "feasible": false,
  "routes": [
    [
      0,
      5,
      1,
      33,
      16,
      8,
      44,
      20,
      0
    ],
    [
      0,
      18,
      50,
      42,
      25,
      22,
      21,
      0
    ],
    [
      0,
      40,
      31,
      23,
      34,
      0
    ],
    [
      0,
      38,
      6,
      37,
      26,
      0
    ],
    [
      0,
      27,
      4,
      43,
      28,
      12,
      46,
      0
    ],
    [
      0,
      32,
      47,
      29,
      3,
      0
    ],
    [
      0,
      19,
      49,
      7,
      35,
      0
    ],
    [
      0,
      24,
      36,
      11,
      0
    ],
    [
      0,
      30,
      10,
      17,
      48,
      0
    ],
    [
      0,
      39,
      9,
      0
    ],
    [
      0,
      41,
      45,
      0
    ]
  ],
  "route_distances": [
    156.51564309774773,
    123.14471773294542,
    218.32334953922546,
    206.20322829654828,
    162.6808051895064,
    210.05761997547478,
    217.9424514442023,
    236.8534697002182,
    211.14581869924132,
    248.66039128191787,
    248.36198967122658
  ],
  "route_durations": [
    7.412891077443693,
    6.078617943323636,
    7.458083738480637,
    7.155080707413706,
    7.067020129737658,
    7.25144049938687,
    7.448561286105057,
    7.4213367425054555,
    7.278645467481033,
    7.216509782047946,
    7.209049741780664
  ]
}