{
  "total_distance": 2294.384330522901,
  "n_routes": 11,
  "feasible": false,
  "routes": [
    [
      0,
      30,
      47,
      27,
      37,
      14,
      34,
      0
    ],
    [
      0,
      23,
      44,
      45,
      10,
      38,
      7,
      28,
      0
    ],
    [
      0,
      16,
      19,
      36,
      42,
      24,
      32,
      0
    ],
    [
      0,
      21,
      29,
      41,
      26,
      8,
      5,
      0
    ],
    [
      0,
      40,
      50,
      46,
      33,
      0
    ],
    [
      0,
      39,
      18,
      22,
      0
    ],
    [
      0,
      20,
      4,
      25,
      0
    ],
    [
      0,
      48,
      11,
      12,
      0
    ],
    [
      0,
      13,
      49,
      0
    ],
    [
      0,
      15,
      6,
      31,
      0
    ],
    [
      0,
      2,
      9,
      0
    ]
  ],
  "route_distances": [
    148.93416284108667,
    157.0807280643438,
    175.5996466884836,
    179.41053484457942,
    200.9287891868528,
    227.5392502853462,
    237.46741122414397,
    233.8807351759727,
    249.61382470688199,
    236.32199829154922,
    247.6072492136607
  ],
  "route_durations": [
    6.723354071027167,
    7.427018201608595,
    7.38999116721209,
    7.485263371114485,
    7.02321972967132,
    7.188481257133656,
    7.4366852806036,
    7.347018379399318,
    7.240345617672051,
    7.408049957288731,
    7.190181230341517
  ]
}