{
  "total_distance": 2435.9634274830423,
  "n_routes": 12,
  "feasible": false,
  "routes": [
    [
      0,
      12,
      38,
      41,
      46,
      0
    ],
    [
      0,
      35,
      5,
      15,
      47,
      0
    ],
    [
      0,
      30,
      25,
      16,
      34,
      50,
      13,
      0
    ],
    [
      0,
      45,
      10,
      23,
      33,
      32,
      0
    ],
    [
      0,
      9,
      2,
      19,
      48,
      11,
      49,
      0
    ],
    [
      0,
      6,
      17,
      20,
      0
    ],
    [
      0,
      39,
      28,
      29,
      0
    ],
    [
      0,
      44,
      3,
      27,
      43,
      7,
      0
    ],
    [
      0,
      36,
      18,
      24,
      0
    ],
    [
      0,
      37,
      31,
      1,
      0
    ],
    [
      0,
      22,
      8,
      0
    ],
    [
      0,
      40,
      42,
      0
    ]
  ],
  "route_distances": [
    133.6440776124245,
    172.09768791685272,
    173.28470916657722,
    183.01692067499187,
    166.45611646567295,
    221.97431330491045,
    225.97326152751629,
    194.49512342166128,
    232.41853856882898,
    237.73287376533222,
    248.29958091542176,
    246.57022414285166
  ],
  "route_durations": [
    5.341101940310613,
    6.302442197921318,
    7.332117729164431,
    7.075423016874797,
    7.161402911641824,
    7.049357832622761,
    7.149331538187907,
    7.362378085541533,
    7.310463464220724,
    7.4433218441333056,
    7.2074895228855445,
    7.164255603571291
  ]
}