{
  "total_distance": 2284.5552700660887,
  "n_routes": 11,
  "feasible": false,
  "routes": [
    [
      0,
      42,
      39,
      26,
      13,
      40,
      14,
      46,
      0
    ],
    [
      0,
      28,
      8,
      34,
      44,
      29,
      35,
      0
    ],
    [
      0,
      9,
      41,
      25,
      48,
      37,
      18,
      0
    ],
    [
      0,
      45,
      7,
      50,
      36,
      47,
      22,
      33,
      0
    ],
    [
      0,
      16,
      49,
      12,
      0
    ],
    [
      0,
      4,
      32,
      31,
      0
    ],
    [
      0,
      21,
      15,
      38,
      0
    ],
    [
      0,
      24,
      2,
      3,
      0
    ],
    [
      0,
      6,
      10,
      1,
      0
    ],
    [
      0,
      43,
      23,
      0
    ],
    [
      0,
      20,
      27,
      0
    ]
  ],
  "route_distances": [
    148.23412583801547,
    154.64751467194986,
    170.99768035878446,
    147.70420462912617,
    238.4440552210549,
    233.30521805958978,
    238.90387903383314,
    229.3999478535341,
    229.7520069205081,
    246.44599979121352,
    246.72063768847912
  ],
  "route_durations": [
    7.205853145950388,
    6.866187866798747,
    7.274942008969612,
    7.1926051157281545,
    7.461101380526371,
    7.332630451489745,
    7.472596975845828,
    7.234998696338353,
    7.243800173012703,
    7.161149994780337,
    7.168015942211977
  ]
}