{
  "total_distance": 2464.6721331803697,
  "n_routes": 12,
  "feasible": false,
  "routes": [
    [
      0,
      25,
      30,
      12,
      29,
      21,
      20,
      0
    ],
    [
      0,
      40,
      27,
      11,
      50,
      6,
      23,
      0
    ],
    [
      0,
      36,
      44,
      31,
      5,
      7,
      33,
      0
    ],
    [
      0,
      10,
      37,
      49,
      47,
      42,
      8,
      0
    ],
    [
      0,
      34,
      26,
      38,
      43,
      0
    ],
    [
      0,
      32,
      41,
      24,
      0
    ],
    [
      0,
      45,
      22,
      9,
      0
    ],
    [
      0,
      28,
      3,
      16,
      0
    ],
    [
      0,
      18,
      39,
      0
    ],
    [
      0,
      14,
      35,
      2,
      13,
      0
    ],
    [
      0,
      15,
      1,
      0
    ],
    [
      0,
      48,
      46,
      0
    ]
  ],
  "route_distances": [
    130.94935131020497,
    152.52027024865953,
    172.5232593224129,
    170.2911071480874,
    201.67610817492178,
    233.50728424640386,
    233.0271266911562,
    225.71463967602443,
    242.48698161022878,
    209.9256076278877,
    243.0278760277091,
    249.02252109667313
  ],
  "route_durations": [
    6.273733782755125,
    6.813006756216488,
    7.313081483060323,
    7.257277678702185,
    7.0419027043730456,
    7.337682106160096,
    7.325678167278905,
    7.142865991900612,
    7.06217454025572,
    7.248140190697193,
    7.075696900692727,
    7.225563027416828
  ]
}